0,07:28:17.467,out,System-exclusive (SysEx) Length: 42 bytes,0,,F0 43 10 3E 0D 21 00 00 00 0A 09 12 57 09 4C 00 57 00 55 00 5B 00 52 00 4D 00 5D 00 5D 00 55 01 0F 00 61 00 48 01 74 00 51 F7 
1,07:28:17.469,out,System-exclusive (SysEx) Length: 26 bytes,0,,F0 43 10 3E 0D 21 00 00 20 00 04 00 04 00 00 00 00 00 00 00 00 00 00 00 00 F7 
2,07:28:17.470,out,System-exclusive (SysEx) Length: 42 bytes,0,,F0 43 10 3E 0D 21 00 05 00 11 1C 1F 7F 0D 1E 1F 7F 1F 7F 0D 1E 1F 7F 1F 7F 1F 7F 1F 7F 1F 7F 1F 7F 1F 7F 1F 7F 1F 7F 1F 7F F7 
3,07:28:17.471,out,System-exclusive (SysEx) Length: 26 bytes,0,,F0 43 10 3E 0D 21 00 05 20 1F 7F 1F 7F 1F 7F 1F 7F 1F 7F 1F 7F 1F 7F 1F 7F F7 
4,07:28:17.527,out,System-exclusive (SysEx) Length: 42 bytes,0,,F0 43 10 3E 0D 21 00 00 00 0A 0F 12 64 09 31 00 6C 00 5C 00 56 00 51 00 66 00 4A 00 4E 00 54 01 09 00 61 00 5E 02 13 00 5A F7 
5,07:28:17.529,out,System-exclusive (SysEx) Length: 26 bytes,0,,F0 43 10 3E 0D 21 00 00 20 00 04 00 04 00 00 00 00 00 00 00 00 00 00 00 00 F7 
6,07:28:17.530,out,System-exclusive (SysEx) Length: 42 bytes,0,,F0 43 10 3E 0D 21 00 05 00 11 1C 1F 7F 0D 1E 1F 7F 1F 7F 0D 1E 1F 7F 1F 7F 1F 7F 1F 7F 1F 7F 1F 7F 1F 7F 1F 7F 1F 7F 1F 7F F7 
7,07:28:17.530,out,System-exclusive (SysEx) Length: 26 bytes,0,,F0 43 10 3E 0D 21 00 05 20 1F 7F 1F 7F 1F 7F 1F 7F 1F 7F 1F 7F 1F 7F 1F 7F F7 
8,07:28:17.588,out,System-exclusive (SysEx) Length: 42 bytes,0,,F0 43 10 3E 0D 21 00 00 00 0A 05 12 00 09 6A 00 59 00 54 00 62 00 5A 00 5F 00 5B 00 47 00 52 01 0B 00 65 00 56 01 7A 00 46 F7 
9,07:28:17.589,out,System-exclusive (SysEx) Length: 26 bytes,0,,F0 43 10 3E 0D 21 00 00 20 00 04 00 04 00 00 00 00 00 00 00 00 00 00 00 00 F7 
10,07:28:17.591,out,System-exclusive (SysEx) Length: 42 bytes,0,,F0 43 10 3E 0D 21 00 05 00 11 1C 1F 7F 0D 1E 1F 7F 1F 7F 0D 1E 1F 7F 1F 7F 1F 7F 1F 7F 1F 7F 1F 7F 1F 7F 1F 7F 1F 7F 1F 7F F7 
11,07:28:17.591,out,System-exclusive (SysEx) Length: 26 bytes,0,,F0 43 10 3E 0D 21 00 05 20 1F 7F 1F 7F 1F 7F 1F 7F 1F 7F 1F 7F 1F 7F 1F 7F F7 
12,07:28:17.624,out,System-exclusive (SysEx) Length: 7 bytes,0,,F0 43 10 3E 0D 7F F7 
13,07:28:17.647,out,System-exclusive (SysEx) Length: 42 bytes,0,,F0 43 10 3E 0D 21 00 00 00 0A 1B 12 09 09 53 00 47 00 56 00 52 00 5C 00 4E 00 50 00 56 00 5A 01 49 00 4D 00 4D 02 2A 00 4C F7 
14,07:28:17.648,out,System-exclusive (SysEx) Length: 26 bytes,0,,F0 43 10 3E 0D 21 00 00 20 00 04 00 03 00 00 00 00 00 00 00 00 00 00 00 00 F7 
15,07:28:17.650,out,System-exclusive (SysEx) Length: 42 bytes,0,,F0 43 10 3E 0D 21 00 05 00 11 1C 1F 7F 0D 1E 1F 7F 1F 7F 0D 1E 1F 7F 1F 7F 1F 7F 1F 7F 1F 7F 1F 7F 1F 7F 1F 7F 1F 7F 1F 7F F7 
16,07:28:17.650,out,System-exclusive (SysEx) Length: 26 bytes,0,,F0 43 10 3E 0D 21 00 05 20 1F 7F 1F 7F 1F 7F 1F 7F 1F 7F 1F 7F 1F 7F 1F 7F F7 
17,07:28:17.708,out,System-exclusive (SysEx) Length: 42 bytes,0,,F0 43 10 3E 0D 21 00 00 00 09 33 12 2F 0A 23 00 4F 00 4D 00 51 00 4C 00 61 00 66 00 51 00 4F 01 1E 00 64 00 50 01 65 00 5B F7 
18,07:28:17.709,out,System-exclusive (SysEx) Length: 26 bytes,0,,F0 43 10 3E 0D 21 00 00 20 00 04 00 04 00 00 00 00 00 00 00 00 00 00 00 00 F7 
19,07:28:17.710,out,System-exclusive (SysEx) Length: 42 bytes,0,,F0 43 10 3E 0D 21 00 05 00 11 1C 1F 7F 0D 1E 1F 7F 1F 7F 0D 1E 1F 7F 1F 7F 1F 7F 1F 7F 1F 7F 1F 7F 1F 7F 1F 7F 1F 7F 1F 7F F7 
20,07:28:17.711,out,System-exclusive (SysEx) Length: 26 bytes,0,,F0 43 10 3E 0D 21 00 05 20 1F 7F 1F 7F 1F 7F 1F 7F 1F 7F 1F 7F 1F 7F 1F 7F F7 
21,07:28:17.767,out,System-exclusive (SysEx) Length: 42 bytes,0,,F0 43 10 3E 0D 21 00 00 00 09 5E 12 54 09 7A 00 67 00 48 00 5E 00 4D 00 60 00 65 00 4D 00 4C 01 20 00 69 00 4F 02 1D 00 4D F7 
22,07:28:17.769,out,System-exclusive (SysEx) Length: 26 bytes,0,,F0 43 10 3E 0D 21 00 00 20 00 04 00 04 00 00 00 00 00 00 00 00 00 00 00 00 F7 
23,07:28:17.770,out,System-exclusive (SysEx) Length: 42 bytes,0,,F0 43 10 3E 0D 21 00 05 00 11 1C 1F 7F 0D 1E 1F 7F 1F 7F 0D 1E 1F 7F 1F 7F 1F 7F 1F 7F 1F 7F 1F 7F 1F 7F 1F 7F 1F 7F 1F 7F F7 
24,07:28:17.770,out,System-exclusive (SysEx) Length: 26 bytes,0,,F0 43 10 3E 0D 21 00 05 20 1F 7F 1F 7F 1F 7F 1F 7F 1F 7F 1F 7F 1F 7F 1F 7F F7 
25,07:28:17.828,out,System-exclusive (SysEx) Length: 42 bytes,0,,F0 43 10 3E 0D 21 00 00 00 09 77 12 29 09 4B 00 54 00 56 00 4C 00 49 00 59 00 52 00 46 00 67 01 0E 00 65 00 59 02 16 00 55 F7 
26,07:28:17.829,out,System-exclusive (SysEx) Length: 26 bytes,0,,F0 43 10 3E 0D 21 00 00 20 00 04 00 04 00 00 00 00 00 00 00 00 00 00 00 00 F7 
27,07:28:17.831,out,System-exclusive (SysEx) Length: 42 bytes,0,,F0 43 10 3E 0D 21 00 05 00 11 1C 1F 7F 0D 1E 1F 7F 1F 7F 0D 1E 1F 7F 1F 7F 1F 7F 1F 7F 1F 7F 1F 7F 1F 7F 1F 7F 1F 7F 1F 7F F7 
28,07:28:17.831,out,System-exclusive (SysEx) Length: 26 bytes,0,,F0 43 10 3E 0D 21 00 05 20 1F 7F 1F 7F 1F 7F 1F 7F 1F 7F 1F 7F 1F 7F 1F 7F F7 
29,07:28:17.883,out,System-exclusive (SysEx) Length: 7 bytes,0,,F0 43 10 3E 0D 7F F7 
30,07:28:17.887,out,System-exclusive (SysEx) Length: 42 bytes,0,,F0 43 10 3E 0D 21 00 00 00 09 56 12 39 0A 1B 00 57 00 47 00 5A 00 5B 00 53 00 5F 00 4B 00 48 01 0E 00 56 00 5F 02 04 00 4E F7 
31,07:28:17.889,out,System-exclusive (SysEx) Length: 26 bytes,0,,F0 43 10 3E 0D 21 00 00 20 00 03 00 04 00 00 00 00 00 00 00 00 00 00 00 00 F7 
32,07:28:17.891,out,System-exclusive (SysEx) Length: 42 bytes,0,,F0 43 10 3E 0D 21 00 05 00 11 1C 1F 7F 0D 1E 1F 7F 1F 7F 0D 1E 1F 7F 1F 7F 1F 7F 1F 7F 1F 7F 1F 7F 1F 7F 1F 7F 1F 7F 1F 7F F7 
33,07:28:17.891,out,System-exclusive (SysEx) Length: 26 bytes,0,,F0 43 10 3E 0D 21 00 05 20 1F 7F 1F 7F 1F 7F 1F 7F 1F 7F 1F 7F 1F 7F 1F 7F F7 
34,07:28:17.947,out,System-exclusive (SysEx) Length: 42 bytes,0,,F0 43 10 3E 0D 21 00 00 00 09 54 12 4D 09 47 00 54 00 4D 00 51 00 53 00 5D 00 4C 00 4D 00 55 00 7D 00 56 00 46 01 7D 00 48 F7 
35,07:28:17.949,out,System-exclusive (SysEx) Length: 26 bytes,0,,F0 43 10 3E 0D 21 00 00 20 00 04 00 04 00 00 00 00 00 00 00 00 00 00 00 00 F7 
36,07:28:17.951,out,System-exclusive (SysEx) Length: 42 bytes,0,,F0 43 10 3E 0D 21 00 05 00 11 1C 1F 7F 0D 1E 1F 7F 1F 7F 0D 1E 1F 7F 1F 7F 1F 7F 1F 7F 1F 7F 1F 7F 1F 7F 1F 7F 1F 7F 1F 7F F7 
37,07:28:17.951,out,System-exclusive (SysEx) Length: 26 bytes,0,,F0 43 10 3E 0D 21 00 05 20 1F 7F 1F 7F 1F 7F 1F 7F 1F 7F 1F 7F 1F 7F 1F 7F F7 
38,07:28:18.008,out,System-exclusive (SysEx) Length: 42 bytes,0,,F0 43 10 3E 0D 21 00 00 00 09 52 12 45 09 10 00 56 00 53 00 5A 00 57 00 46 00 58 00 50 00 42 01 1D 00 5E 00 47 02 02 00 61 F7 
39,07:28:18.009,out,System-exclusive (SysEx) Length: 26 bytes,0,,F0 43 10 3E 0D 21 00 00 20 00 04 00 04 00 00 00 00 00 00 00 00 00 00 00 00 F7 
40,07:28:18.010,out,System-exclusive (SysEx) Length: 42 bytes,0,,F0 43 10 3E 0D 21 00 05 00 11 1C 1F 7F 0D 1E 1F 7F 1F 7F 0D 1E 1F 7F 1F 7F 1F 7F 1F 7F 1F 7F 1F 7F 1F 7F 1F 7F 1F 7F 1F 7F F7 
41,07:28:18.011,out,System-exclusive (SysEx) Length: 26 bytes,0,,F0 43 10 3E 0D 21 00 05 20 1F 7F 1F 7F 1F 7F 1F 7F 1F 7F 1F 7F 1F 7F 1F 7F F7 
42,07:28:18.068,out,System-exclusive (SysEx) Length: 42 bytes,0,,F0 43 10 3E 0D 21 00 00 00 09 63 12 21 09 1A 00 5A 00 4F 00 58 00 5D 00 57 00 50 00 59 00 54 01 10 00 6E 00 43 01 6C 00 4D F7 
43,07:28:18.069,out,System-exclusive (SysEx) Length: 26 bytes,0,,F0 43 10 3E 0D 21 00 00 20 00 04 00 04 00 00 00 00 00 00 00 00 00 00 00 00 F7 
44,07:28:18.071,out,System-exclusive (SysEx) Length: 42 bytes,0,,F0 43 10 3E 0D 21 00 05 00 11 1C 1F 7F 0D 1E 1F 7F 1F 7F 0D 1E 1F 7F 1F 7F 1F 7F 1F 7F 1F 7F 1F 7F 1F 7F 1F 7F 1F 7F 1F 7F F7 
45,07:28:18.071,out,System-exclusive (SysEx) Length: 26 bytes,0,,F0 43 10 3E 0D 21 00 05 20 1F 7F 1F 7F 1F 7F 1F 7F 1F 7F 1F 7F 1F 7F 1F 7F F7 
46,07:28:18.127,out,System-exclusive (SysEx) Length: 42 bytes,0,,F0 43 10 3E 0D 21 00 00 00 0A 2F 12 75 09 39 00 5C 00 59 00 54 00 56 00 4D 00 57 00 5A 00 5C 01 05 00 5F 00 5C 01 7A 00 58 F7 
47,07:28:18.129,out,System-exclusive (SysEx) Length: 26 bytes,0,,F0 43 10 3E 0D 21 00 00 20 00 04 00 04 00 00 00 00 00 00 00 00 00 00 00 00 F7 
48,07:28:18.131,out,System-exclusive (SysEx) Length: 42 bytes,0,,F0 43 10 3E 0D 21 00 05 00 11 1C 1F 7F 0D 1E 1F 7F 1F 7F 0D 1E 1F 7F 1F 7F 1F 7F 1F 7F 1F 7F 1F 7F 1F 7F 1F 7F 1F 7F 1F 7F F7 
49,07:28:18.131,out,System-exclusive (SysEx) Length: 26 bytes,0,,F0 43 10 3E 0D 21 00 05 20 1F 7F 1F 7F 1F 7F 1F 7F 1F 7F 1F 7F 1F 7F 1F 7F F7 
50,07:28:18.144,out,System-exclusive (SysEx) Length: 7 bytes,0,,F0 43 10 3E 0D 7F F7 
51,07:28:18.187,out,System-exclusive (SysEx) Length: 42 bytes,0,,F0 43 10 3E 0D 21 00 00 00 0A 0F 12 45 09 54 00 52 00 4F 00 54 00 4E 00 5B 00 5B 00 56 00 50 01 11 00 6F 00 4C 02 14 00 63 F7 
52,07:28:18.189,out,System-exclusive (SysEx) Length: 26 bytes,0,,F0 43 10 3E 0D 21 00 00 20 00 04 00 04 00 00 00 00 00 00 00 00 00 00 00 00 F7 
53,07:28:18.191,out,System-exclusive (SysEx) Length: 42 bytes,0,,F0 43 10 3E 0D 21 00 05 00 11 1C 1F 7F 0D 1E 1F 7F 1F 7F 0D 1E 1F 7F 1F 7F 1F 7F 1F 7F 1F 7F 1F 7F 1F 7F 1F 7F 1F 7F 1F 7F F7 
54,07:28:18.191,out,System-exclusive (SysEx) Length: 26 bytes,0,,F0 43 10 3E 0D 21 00 05 20 1F 7F 1F 7F 1F 7F 1F 7F 1F 7F 1F 7F 1F 7F 1F 7F F7 
55,07:28:18.247,out,System-exclusive (SysEx) Length: 42 bytes,0,,F0 43 10 3E 0D 21 00 00 00 09 74 13 10 09 5E 00 61 00 50 00 53 00 59 00 51 00 52 00 4F 00 52 01 2C 00 52 00 47 02 2B 00 50 F7 
56,07:28:18.249,out,System-exclusive (SysEx) Length: 26 bytes,0,,F0 43 10 3E 0D 21 00 00 20 00 04 00 04 00 00 00 00 00 00 00 00 00 00 00 00 F7 
57,07:28:18.251,out,System-exclusive (SysEx) Length: 42 bytes,0,,F0 43 10 3E 0D 21 00 05 00 11 1C 1F 7F 0D 1E 1F 7F 1F 7F 0D 1E 1F 7F 1F 7F 1F 7F 1F 7F 1F 7F 1F 7F 1F 7F 1F 7F 1F 7F 1F 7F F7 
58,07:28:18.251,out,System-exclusive (SysEx) Length: 26 bytes,0,,F0 43 10 3E 0D 21 00 05 20 1F 7F 1F 7F 1F 7F 1F 7F 1F 7F 1F 7F 1F 7F 1F 7F F7 
59,07:28:18.308,out,System-exclusive (SysEx) Length: 42 bytes,0,,F0 43 10 3E 0D 21 00 00 00 09 65 12 77 09 21 00 5A 00 49 00 5D 00 5A 00 4B 00 4E 00 53 00 4A 01 08 00 5C 00 50 02 02 00 46 F7 
60,07:28:18.309,out,System-exclusive (SysEx) Length: 26 bytes,0,,F0 43 10 3E 0D 21 00 00 20 00 04 00 04 00 00 00 00 00 00 00 00 00 00 00 00 F7 
61,07:28:18.311,out,System-exclusive (SysEx) Length: 42 bytes,0,,F0 43 10 3E 0D 21 00 05 00 11 1C 1F 7F 0D 1E 1F 7F 1F 7F 0D 1E 1F 7F 1F 7F 1F 7F 1F 7F 1F 7F 1F 7F 1F 7F 1F 7F 1F 7F 1F 7F F7 
62,07:28:18.311,out,System-exclusive (SysEx) Length: 26 bytes,0,,F0 43 10 3E 0D 21 00 05 20 1F 7F 1F 7F 1F 7F 1F 7F 1F 7F 1F 7F 1F 7F 1F 7F F7 
63,07:28:18.367,out,System-exclusive (SysEx) Length: 42 bytes,0,,F0 43 10 3E 0D 21 00 00 00 0A 14 12 40 09 35 00 58 00 54 00 65 00 69 00 59 00 52 00 56 00 49 01 17 00 61 00 4C 02 1A 00 4D F7 
64,07:28:18.369,out,System-exclusive (SysEx) Length: 26 bytes,0,,F0 43 10 3E 0D 21 00 00 20 00 04 00 04 00 00 00 00 00 00 00 00 00 00 00 00 F7 
65,07:28:18.370,out,System-exclusive (SysEx) Length: 42 bytes,0,,F0 43 10 3E 0D 21 00 05 00 11 1C 1F 7F 0D 1E 1F 7F 1F 7F 0D 1E 1F 7F 1F 7F 1F 7F 1F 7F 1F 7F 1F 7F 1F 7F 1F 7F 1F 7F 1F 7F F7 
66,07:28:18.370,out,System-exclusive (SysEx) Length: 26 bytes,0,,F0 43 10 3E 0D 21 00 05 20 1F 7F 1F 7F 1F 7F 1F 7F 1F 7F 1F 7F 1F 7F 1F 7F F7 
67,07:28:18.403,out,System-exclusive (SysEx) Length: 7 bytes,0,,F0 43 10 3E 0D 7F F7 
68,07:28:18.428,out,System-exclusive (SysEx) Length: 42 bytes,0,,F0 43 10 3E 0D 21 00 00 00 09 79 12 2C 09 40 00 62 00 4E 00 4E 00 50 00 57 00 5A 00 46 00 52 01 01 00 69 00 5A 01 7B 00 43 F7 
69,07:28:18.429,out,System-exclusive (SysEx) Length: 26 bytes,0,,F0 43 10 3E 0D 21 00 00 20 00 04 00 04 00 00 00 00 00 00 00 00 00 00 00 00 F7 
70,07:28:18.431,out,System-exclusive (SysEx) Length: 42 bytes,0,,F0 43 10 3E 0D 21 00 05 00 11 1C 1F 7F 0D 1E 1F 7F 1F 7F 0D 1E 1F 7F 1F 7F 1F 7F 1F 7F 1F 7F 1F 7F 1F 7F 1F 7F 1F 7F 1F 7F F7 
71,07:28:18.431,out,System-exclusive (SysEx) Length: 26 bytes,0,,F0 43 10 3E 0D 21 00 05 20 1F 7F 1F 7F 1F 7F 1F 7F 1F 7F 1F 7F 1F 7F 1F 7F F7 
72,07:28:18.487,out,System-exclusive (SysEx) Length: 42 bytes,0,,F0 43 10 3E 0D 21 00 00 00 09 62 13 1C 0A 02 00 54 00 55 00 53 00 58 00 57 00 48 00 56 00 5B 01 06 00 66 00 51 01 56 00 49 F7 
73,07:28:18.489,out,System-exclusive (SysEx) Length: 26 bytes,0,,F0 43 10 3E 0D 21 00 00 20 00 04 00 04 00 00 00 00 00 00 00 00 00 00 00 00 F7 
74,07:28:18.491,out,System-exclusive (SysEx) Length: 42 bytes,0,,F0 43 10 3E 0D 21 00 05 00 11 1C 1F 7F 0D 1E 1F 7F 1F 7F 0D 1E 1F 7F 1F 7F 1F 7F 1F 7F 1F 7F 1F 7F 1F 7F 1F 7F 1F 7F 1F 7F F7 
75,07:28:18.491,out,System-exclusive (SysEx) Length: 26 bytes,0,,F0 43 10 3E 0D 21 00 05 20 1F 7F 1F 7F 1F 7F 1F 7F 1F 7F 1F 7F 1F 7F 1F 7F F7 
76,07:28:18.548,out,System-exclusive (SysEx) Length: 42 bytes,0,,F0 43 10 3E 0D 21 00 00 00 09 57 13 08 09 4B 00 44 00 52 00 58 00 55 00 52 00 57 00 45 00 5F 01 14 00 69 00 5F 01 6E 00 4C F7 
77,07:28:18.549,out,System-exclusive (SysEx) Length: 26 bytes,0,,F0 43 10 3E 0D 21 00 00 20 00 04 00 04 00 00 00 00 00 00 00 00 00 00 00 00 F7 
78,07:28:18.551,out,System-exclusive (SysEx) Length: 42 bytes,0,,F0 43 10 3E 0D 21 00 05 00 11 1C 1F 7F 0D 1E 1F 7F 1F 7F 0D 1E 1F 7F 1F 7F 1F 7F 1F 7F 1F 7F 1F 7F 1F 7F 1F 7F 1F 7F 1F 7F F7 
79,07:28:18.551,out,System-exclusive (SysEx) Length: 26 bytes,0,,F0 43 10 3E 0D 21 00 05 20 1F 7F 1F 7F 1F 7F 1F 7F 1F 7F 1F 7F 1F 7F 1F 7F F7 
80,07:28:18.607,out,System-exclusive (SysEx) Length: 42 bytes,0,,F0 43 10 3E 0D 21 00 00 00 09 44 13 02 09 27 00 63 00 54 00 50 00 53 00 54 00 5D 00 51 00 3F 01 0D 00 4A 00 4E 01 72 00 5D F7 
81,07:28:18.609,out,System-exclusive (SysEx) Length: 26 bytes,0,,F0 43 10 3E 0D 21 00 00 20 00 04 00 04 00 00 00 00 00 00 00 00 00 00 00 00 F7 
82,07:28:18.611,out,System-exclusive (SysEx) Length: 42 bytes,0,,F0 43 10 3E 0D 21 00 05 00 11 1C 1F 7F 0D 1E 1F 7F 1F 7F 0D 1E 1F 7F 1F 7F 1F 7F 1F 7F 1F 7F 1F 7F 1F 7F 1F 7F 1F 7F 1F 7F F7 
83,07:28:18.611,out,System-exclusive (SysEx) Length: 26 bytes,0,,F0 43 10 3E 0D 21 00 05 20 1F 7F 1F 7F 1F 7F 1F 7F 1F 7F 1F 7F 1F 7F 1F 7F F7 
84,07:28:18.665,out,System-exclusive (SysEx) Length: 7 bytes,0,,F0 43 10 3E 0D 7F F7 
85,07:28:18.667,out,System-exclusive (SysEx) Length: 42 bytes,0,,F0 43 10 3E 0D 21 00 00 00 09 63 12 14 09 7B 00 5F 00 40 00 52 00 4D 00 55 00 4F 00 40 00 50 01 00 00 73 00 42 01 68 00 54 F7 
86,07:28:18.669,out,System-exclusive (SysEx) Length: 26 bytes,0,,F0 43 10 3E 0D 21 00 00 20 00 04 00 04 00 00 00 00 00 00 00 00 00 00 00 00 F7 
87,07:28:18.671,out,System-exclusive (SysEx) Length: 42 bytes,0,,F0 43 10 3E 0D 21 00 05 00 11 1C 1F 7F 0D 1E 1F 7F 1F 7F 0D 1E 1F 7F 1F 7F 1F 7F 1F 7F 1F 7F 1F 7F 1F 7F 1F 7F 1F 7F 1F 7F F7 
88,07:28:18.671,out,System-exclusive (SysEx) Length: 26 bytes,0,,F0 43 10 3E 0D 21 00 05 20 1F 7F 1F 7F 1F 7F 1F 7F 1F 7F 1F 7F 1F 7F 1F 7F F7 
89,07:28:18.727,out,System-exclusive (SysEx) Length: 42 bytes,0,,F0 43 10 3E 0D 21 00 00 00 09 2C 12 47 09 44 00 59 00 4F 00 55 00 5E 00 4C 00 5C 00 51 00 49 01 11 00 6E 00 52 02 14 00 53 F7 
90,07:28:18.729,out,System-exclusive (SysEx) Length: 26 bytes,0,,F0 43 10 3E 0D 21 00 00 20 00 04 00 04 00 00 00 00 00 00 00 00 00 00 00 00 F7 
91,07:28:18.730,out,System-exclusive (SysEx) Length: 42 bytes,0,,F0 43 10 3E 0D 21 00 05 00 11 1C 1F 7F 0D 1E 1F 7F 1F 7F 0D 1E 1F 7F 1F 7F 1F 7F 1F 7F 1F 7F 1F 7F 1F 7F 1F 7F 1F 7F 1F 7F F7 
92,07:28:18.730,out,System-exclusive (SysEx) Length: 26 bytes,0,,F0 43 10 3E 0D 21 00 05 20 1F 7F 1F 7F 1F 7F 1F 7F 1F 7F 1F 7F 1F 7F 1F 7F F7 
93,07:28:18.787,out,System-exclusive (SysEx) Length: 42 bytes,0,,F0 43 10 3E 0D 21 00 00 00 09 46 12 10 09 50 00 44 00 55 00 54 00 63 00 55 00 56 00 53 00 56 01 07 00 7C 00 57 02 0B 00 51 F7 
94,07:28:18.789,out,System-exclusive (SysEx) Length: 26 bytes,0,,F0 43 10 3E 0D 21 00 00 20 00 04 00 04 00 00 00 00 00 00 00 00 00 00 00 00 F7 
95,07:28:18.791,out,System-exclusive (SysEx) Length: 42 bytes,0,,F0 43 10 3E 0D 21 00 05 00 11 1C 1F 7F 0D 1E 1F 7F 1F 7F 0D 1E 1F 7F 1F 7F 1F 7F 1F 7F 1F 7F 1F 7F 1F 7F 1F 7F 1F 7F 1F 7F F7 
96,07:28:18.791,out,System-exclusive (SysEx) Length: 26 bytes,0,,F0 43 10 3E 0D 21 00 05 20 1F 7F 1F 7F 1F 7F 1F 7F 1F 7F 1F 7F 1F 7F 1F 7F F7 
97,07:28:18.847,out,System-exclusive (SysEx) Length: 42 bytes,0,,F0 43 10 3E 0D 21 00 00 00 0A 26 12 08 09 19 00 4B 00 56 00 5A 00 65 00 43 00 52 00 67 00 50 01 08 00 7B 00 5B 02 06 00 48 F7 
98,07:28:18.849,out,System-exclusive (SysEx) Length: 26 bytes,0,,F0 43 10 3E 0D 21 00 00 20 00 04 00 04 00 00 00 00 00 00 00 00 00 00 00 00 F7 
99,07:28:18.851,out,System-exclusive (SysEx) Length: 42 bytes,0,,F0 43 10 3E 0D 21 00 05 00 11 1C 1F 7F 0D 1E 1F 7F 1F 7F 0D 1E 1F 7F 1F 7F 1F 7F 1F 7F 1F 7F 1F 7F 1F 7F 1F 7F 1F 7F 1F 7F F7 
100,07:28:18.851,out,System-exclusive (SysEx) Length: 26 bytes,0,,F0 43 10 3E 0D 21 00 05 20 1F 7F 1F 7F 1F 7F 1F 7F 1F 7F 1F 7F 1F 7F 1F 7F F7 
101,07:28:18.908,out,System-exclusive (SysEx) Length: 42 bytes,0,,F0 43 10 3E 0D 21 00 00 00 09 43 12 50 09 4A 00 54 00 5B 00 5D 00 50 00 47 00 58 00 50 00 69 01 0B 00 64 00 52 02 02 00 47 F7 
102,07:28:18.909,out,System-exclusive (SysEx) Length: 26 bytes,0,,F0 43 10 3E 0D 21 00 00 20 00 04 00 04 00 00 00 00 00 00 00 00 00 00 00 00 F7 
103,07:28:18.911,out,System-exclusive (SysEx) Length: 42 bytes,0,,F0 43 10 3E 0D 21 00 05 00 11 1C 1F 7F 0D 1E 1F 7F 1F 7F 0D 1E 1F 7F 1F 7F 1F 7F 1F 7F 1F 7F 1F 7F 1F 7F 1F 7F 1F 7F 1F 7F F7 
104,07:28:18.911,out,System-exclusive (SysEx) Length: 26 bytes,0,,F0 43 10 3E 0D 21 00 05 20 1F 7F 1F 7F 1F 7F 1F 7F 1F 7F 1F 7F 1F 7F 1F 7F F7 
105,07:28:18.924,out,System-exclusive (SysEx) Length: 7 bytes,0,,F0 43 10 3E 0D 7F F7 
106,07:28:18.967,out,System-exclusive (SysEx) Length: 42 bytes,0,,F0 43 10 3E 0D 21 00 00 00 0A 04 13 25 09 3F 00 57 00 57 00 53 00 62 00 4E 00 60 00 56 00 65 01 18 00 66 00 4F 01 75 00 4C F7 
107,07:28:18.969,out,System-exclusive (SysEx) Length: 26 bytes,0,,F0 43 10 3E 0D 21 00 00 20 00 04 00 04 00 00 00 00 00 00 00 00 00 00 00 00 F7 
108,07:28:18.970,out,System-exclusive (SysEx) Length: 42 bytes,0,,F0 43 10 3E 0D 21 00 05 00 11 1C 1F 7F 0D 1E 1F 7F 1F 7F 0D 1E 1F 7F 1F 7F 1F 7F 1F 7F 1F 7F 1F 7F 1F 7F 1F 7F 1F 7F 1F 7F F7 
109,07:28:18.970,out,System-exclusive (SysEx) Length: 26 bytes,0,,F0 43 10 3E 0D 21 00 05 20 1F 7F 1F 7F 1F 7F 1F 7F 1F 7F 1F 7F 1F 7F 1F 7F F7 
110,07:28:19.028,out,System-exclusive (SysEx) Length: 42 bytes,0,,F0 43 10 3E 0D 21 00 00 00 0A 0A 12 52 09 4B 00 58 00 65 00 5C 00 4D 00 51 00 57 00 51 00 4B 01 15 00 5E 00 52 02 10 00 54 F7 
111,07:28:19.029,out,System-exclusive (SysEx) Length: 26 bytes,0,,F0 43 10 3E 0D 21 00 00 20 00 04 00 04 00 00 00 00 00 00 00 00 00 00 00 00 F7 
112,07:28:19.030,out,System-exclusive (SysEx) Length: 42 bytes,0,,F0 43 10 3E 0D 21 00 05 00 11 1C 1F 7F 0D 1E 1F 7F 1F 7F 0D 1E 1F 7F 1F 7F 1F 7F 1F 7F 1F 7F 1F 7F 1F 7F 1F 7F 1F 7F 1F 7F F7 
113,07:28:19.030,out,System-exclusive (SysEx) Length: 26 bytes,0,,F0 43 10 3E 0D 21 00 05 20 1F 7F 1F 7F 1F 7F 1F 7F 1F 7F 1F 7F 1F 7F 1F 7F F7 
114,07:28:19.087,out,System-exclusive (SysEx) Length: 42 bytes,0,,F0 43 10 3E 0D 21 00 00 00 09 6F 12 6E 09 45 00 56 00 65 00 44 00 5C 00 58 00 4F 00 4E 00 5B 01 07 00 58 00 3F 02 03 00 57 F7 
115,07:28:19.088,out,System-exclusive (SysEx) Length: 26 bytes,0,,F0 43 10 3E 0D 21 00 00 20 00 04 00 04 00 00 00 00 00 00 00 00 00 00 00 00 F7 
116,07:28:19.090,out,System-exclusive (SysEx) Length: 42 bytes,0,,F0 43 10 3E 0D 21 00 05 00 11 1C 1F 7F 0D 1E 1F 7F 1F 7F 0D 1E 1F 7F 1F 7F 1F 7F 1F 7F 1F 7F 1F 7F 1F 7F 1F 7F 1F 7F 1F 7F F7 
117,07:28:19.090,out,System-exclusive (SysEx) Length: 26 bytes,0,,F0 43 10 3E 0D 21 00 05 20 1F 7F 1F 7F 1F 7F 1F 7F 1F 7F 1F 7F 1F 7F 1F 7F F7 
118,07:28:19.147,out,System-exclusive (SysEx) Length: 42 bytes,0,,F0 43 10 3E 0D 21 00 00 00 0A 0A 12 2C 09 3A 00 63 00 53 00 5A 00 52 00 67 00 51 00 52 00 58 01 0B 00 69 00 58 02 03 00 42 F7 
119,07:28:19.150,out,System-exclusive (SysEx) Length: 26 bytes,0,,F0 43 10 3E 0D 21 00 00 20 00 04 00 04 00 00 00 00 00 00 00 00 00 00 00 00 F7 
120,07:28:19.151,out,System-exclusive (SysEx) Length: 42 bytes,0,,F0 43 10 3E 0D 21 00 05 00 11 1C 1F 7F 0D 1E 1F 7F 1F 7F 0D 1E 1F 7F 1F 7F 1F 7F 1F 7F 1F 7F 1F 7F 1F 7F 1F 7F 1F 7F 1F 7F F7 
121,07:28:19.151,out,System-exclusive (SysEx) Length: 26 bytes,0,,F0 43 10 3E 0D 21 00 05 20 1F 7F 1F 7F 1F 7F 1F 7F 1F 7F 1F 7F 1F 7F 1F 7F F7 
122,07:28:19.184,out,System-exclusive (SysEx) Length: 7 bytes,0,,F0 43 10 3E 0D 7F F7 
123,07:28:19.207,out,System-exclusive (SysEx) Length: 42 bytes,0,,F0 43 10 3E 0D 21 00 00 00 09 75 11 76 09 52 00 59 00 5A 00 67 00 48 00 59 00 4A 00 4B 00 4E 01 13 00 53 00 56 02 24 00 50 F7 
124,07:28:19.208,out,System-exclusive (SysEx) Length: 26 bytes,0,,F0 43 10 3E 0D 21 00 00 20 00 04 00 04 00 00 00 00 00 00 00 00 00 00 00 00 F7 
125,07:28:19.210,out,System-exclusive (SysEx) Length: 42 bytes,0,,F0 43 10 3E 0D 21 00 05 00 11 1C 1F 7F 0D 1E 1F 7F 1F 7F 0D 1E 1F 7F 1F 7F 1F 7F 1F 7F 1F 7F 1F 7F 1F 7F 1F 7F 1F 7F 1F 7F F7 
126,07:28:19.210,out,System-exclusive (SysEx) Length: 26 bytes,0,,F0 43 10 3E 0D 21 00 05 20 1F 7F 1F 7F 1F 7F 1F 7F 1F 7F 1F 7F 1F 7F 1F 7F F7 
127,07:28:19.267,out,System-exclusive (SysEx) Length: 42 bytes,0,,F0 43 10 3E 0D 21 00 00 00 09 7F 12 18 09 4A 00 50 00 42 00 56 00 5E 00 5D 00 66 00 61 00 5A 00 7D 00 53 00 51 02 20 00 5A F7 
128,07:28:19.269,out,System-exclusive (SysEx) Length: 26 bytes,0,,F0 43 10 3E 0D 21 00 00 20 00 04 00 04 00 00 00 00 00 00 00 00 00 00 00 00 F7 
129,07:28:19.270,out,System-exclusive (SysEx) Length: 42 bytes,0,,F0 43 10 3E 0D 21 00 05 00 11 1C 1F 7F 0D 1E 1F 7F 1F 7F 0D 1E 1F 7F 1F 7F 1F 7F 1F 7F 1F 7F 1F 7F 1F 7F 1F 7F 1F 7F 1F 7F F7 
130,07:28:19.270,out,System-exclusive (SysEx) Length: 26 bytes,0,,F0 43 10 3E 0D 21 00 05 20 1F 7F 1F 7F 1F 7F 1F 7F 1F 7F 1F 7F 1F 7F 1F 7F F7 
131,07:28:19.327,out,System-exclusive (SysEx) Length: 42 bytes,0,,F0 43 10 3E 0D 21 00 00 00 09 49 12 2D 09 4A 00 4E 00 4A 00 58 00 4F 00 5A 00 46 00 4A 00 58 01 0A 00 5E 00 41 02 15 00 5C F7 
132,07:28:19.328,out,System-exclusive (SysEx) Length: 26 bytes,0,,F0 43 10 3E 0D 21 00 00 20 00 04 00 04 00 00 00 00 00 00 00 00 00 00 00 00 F7 
133,07:28:19.330,out,System-exclusive (SysEx) Length: 42 bytes,0,,F0 43 10 3E 0D 21 00 05 00 11 1C 1F 7F 0D 1E 1F 7F 1F 7F 0D 1E 1F 7F 1F 7F 1F 7F 1F 7F 1F 7F 1F 7F 1F 7F 1F 7F 1F 7F 1F 7F F7 
134,07:28:19.330,out,System-exclusive (SysEx) Length: 26 bytes,0,,F0 43 10 3E 0D 21 00 05 20 1F 7F 1F 7F 1F 7F 1F 7F 1F 7F 1F 7F 1F 7F 1F 7F F7 
135,07:28:19.387,out,System-exclusive (SysEx) Length: 42 bytes,0,,F0 43 10 3E 0D 21 00 00 00 09 53 12 55 09 5B 00 61 00 55 00 5C 00 4A 00 56 00 55 00 42 00 48 00 7C 00 5A 00 4A 01 77 00 5D F7 
136,07:28:19.389,out,System-exclusive (SysEx) Length: 26 bytes,0,,F0 43 10 3E 0D 21 00 00 20 00 04 00 04 00 00 00 00 00 00 00 00 00 00 00 00 F7 
137,07:28:19.391,out,System-exclusive (SysEx) Length: 42 bytes,0,,F0 43 10 3E 0D 21 00 05 00 11 1C 1F 7F 0D 1E 1F 7F 1F 7F 0D 1E 1F 7F 1F 7F 1F 7F 1F 7F 1F 7F 1F 7F 1F 7F 1F 7F 1F 7F 1F 7F F7 
138,07:28:19.391,out,System-exclusive (SysEx) Length: 26 bytes,0,,F0 43 10 3E 0D 21 00 05 20 1F 7F 1F 7F 1F 7F 1F 7F 1F 7F 1F 7F 1F 7F 1F 7F F7 
139,07:28:19.444,out,System-exclusive (SysEx) Length: 7 bytes,0,,F0 43 10 3E 0D 7F F7 
140,07:28:19.447,out,System-exclusive (SysEx) Length: 42 bytes,0,,F0 43 10 3E 0D 21 00 00 00 09 7C 12 4E 09 4D 00 47 00 5B 00 54 00 57 00 53 00 68 00 57 00 4E 01 17 00 50 00 4A 02 11 00 5A F7 
141,07:28:19.448,out,System-exclusive (SysEx) Length: 26 bytes,0,,F0 43 10 3E 0D 21 00 00 20 00 04 00 04 00 00 00 00 00 00 00 00 00 00 00 00 F7 
142,07:28:19.450,out,System-exclusive (SysEx) Length: 42 bytes,0,,F0 43 10 3E 0D 21 00 05 00 11 1C 1F 7F 0D 1E 1F 7F 1F 7F 0D 1E 1F 7F 1F 7F 1F 7F 1F 7F 1F 7F 1F 7F 1F 7F 1F 7F 1F 7F 1F 7F F7 
143,07:28:19.450,out,System-exclusive (SysEx) Length: 26 bytes,0,,F0 43 10 3E 0D 21 00 05 20 1F 7F 1F 7F 1F 7F 1F 7F 1F 7F 1F 7F 1F 7F 1F 7F F7 
144,07:28:19.508,out,System-exclusive (SysEx) Length: 42 bytes,0,,F0 43 10 3E 0D 21 00 00 00 09 27 12 60 09 00 00 56 00 58 00 58 00 50 00 52 00 4D 00 63 00 56 01 15 00 76 00 54 01 7C 00 64 F7 
145,07:28:19.509,out,System-exclusive (SysEx) Length: 26 bytes,0,,F0 43 10 3E 0D 21 00 00 20 00 04 00 04 00 00 00 00 00 00 00 00 00 00 00 00 F7 
146,07:28:19.511,out,System-exclusive (SysEx) Length: 42 bytes,0,,F0 43 10 3E 0D 21 00 05 00 11 1C 1F 7F 0D 1E 1F 7F 1F 7F 0D 1E 1F 7F 1F 7F 1F 7F 1F 7F 1F 7F 1F 7F 1F 7F 1F 7F 1F 7F 1F 7F F7 
147,07:28:19.511,out,System-exclusive (SysEx) Length: 26 bytes,0,,F0 43 10 3E 0D 21 00 05 20 1F 7F 1F 7F 1F 7F 1F 7F 1F 7F 1F 7F 1F 7F 1F 7F F7 
148,07:28:19.567,out,System-exclusive (SysEx) Length: 42 bytes,0,,F0 43 10 3E 0D 21 00 00 00 09 47 12 47 09 36 00 5A 00 51 00 43 00 4E 00 55 00 6B 00 67 00 56 01 19 00 6E 00 54 02 0D 00 56 F7 
149,07:28:19.568,out,System-exclusive (SysEx) Length: 26 bytes,0,,F0 43 10 3E 0D 21 00 00 20 00 04 00 04 00 00 00 00 00 00 00 00 00 00 00 00 F7 
150,07:28:19.570,out,System-exclusive (SysEx) Length: 42 bytes,0,,F0 43 10 3E 0D 21 00 05 00 11 1C 1F 7F 0D 1E 1F 7F 1F 7F 0D 1E 1F 7F 1F 7F 1F 7F 1F 7F 1F 7F 1F 7F 1F 7F 1F 7F 1F 7F 1F 7F F7 
151,07:28:19.570,out,System-exclusive (SysEx) Length: 26 bytes,0,,F0 43 10 3E 0D 21 00 05 20 1F 7F 1F 7F 1F 7F 1F 7F 1F 7F 1F 7F 1F 7F 1F 7F F7 
152,07:28:19.628,out,System-exclusive (SysEx) Length: 42 bytes,0,,F0 43 10 3E 0D 21 00 00 00 09 5A 12 63 09 50 00 5E 00 53 00 55 00 56 00 5D 00 5C 00 55 00 55 01 20 00 6B 00 5B 01 7F 00 46 F7 
153,07:28:19.629,out,System-exclusive (SysEx) Length: 26 bytes,0,,F0 43 10 3E 0D 21 00 00 20 00 04 00 04 00 00 00 00 00 00 00 00 00 00 00 00 F7 
154,07:28:19.631,out,System-exclusive (SysEx) Length: 42 bytes,0,,F0 43 10 3E 0D 21 00 05 00 11 1C 1F 7F 0D 1E 1F 7F 1F 7F 0D 1E 1F 7F 1F 7F 1F 7F 1F 7F 1F 7F 1F 7F 1F 7F 1F 7F 1F 7F 1F 7F F7 
155,07:28:19.631,out,System-exclusive (SysEx) Length: 26 bytes,0,,F0 43 10 3E 0D 21 00 05 20 1F 7F 1F 7F 1F 7F 1F 7F 1F 7F 1F 7F 1F 7F 1F 7F F7 
156,07:28:19.687,out,System-exclusive (SysEx) Length: 42 bytes,0,,F0 43 10 3E 0D 21 00 00 00 09 23 12 4A 09 32 00 4C 00 51 00 59 00 51 00 53 00 5B 00 5B 00 55 01 1B 00 51 00 4D 02 0D 00 55 F7 
157,07:28:19.689,out,System-exclusive (SysEx) Length: 26 bytes,0,,F0 43 10 3E 0D 21 00 00 20 00 04 00 04 00 00 00 00 00 00 00 00 00 00 00 00 F7 
158,07:28:19.690,out,System-exclusive (SysEx) Length: 42 bytes,0,,F0 43 10 3E 0D 21 00 05 00 11 1C 1F 7F 0D 1E 1F 7F 1F 7F 0D 1E 1F 7F 1F 7F 1F 7F 1F 7F 1F 7F 1F 7F 1F 7F 1F 7F 1F 7F 1F 7F F7 
159,07:28:19.690,out,System-exclusive (SysEx) Length: 26 bytes,0,,F0 43 10 3E 0D 21 00 05 20 1F 7F 1F 7F 1F 7F 1F 7F 1F 7F 1F 7F 1F 7F 1F 7F F7 
160,07:28:19.704,out,System-exclusive (SysEx) Length: 7 bytes,0,,F0 43 10 3E 0D 7F F7 
161,07:28:19.748,out,System-exclusive (SysEx) Length: 42 bytes,0,,F0 43 10 3E 0D 21 00 00 00 12 2A 12 3B 0A 0E 00 58 00 59 00 55 00 56 00 49 00 48 00 57 00 51 01 0A 00 56 00 52 02 01 00 40 F7 
162,07:28:19.750,out,System-exclusive (SysEx) Length: 26 bytes,0,,F0 43 10 3E 0D 21 00 00 20 00 0E 00 0D 00 00 00 00 00 00 00 00 00 00 00 00 F7 
163,07:28:19.751,out,System-exclusive (SysEx) Length: 42 bytes,0,,F0 43 10 3E 0D 21 00 05 00 11 1C 1F 7F 0D 1E 1F 7F 1F 7F 0D 1E 1F 7F 1F 7F 1F 7F 1F 7F 1F 7F 1F 7F 1F 7F 1F 7F 1F 7F 1F 7F F7 
164,07:28:19.751,out,System-exclusive (SysEx) Length: 26 bytes,0,,F0 43 10 3E 0D 21 00 05 20 1F 7F 1F 7F 1F 7F 1F 7F 1F 7F 1F 7F 1F 7F 1F 7F F7 
165,07:28:19.807,out,System-exclusive (SysEx) Length: 42 bytes,0,,F0 43 10 3E 0D 21 00 00 00 12 23 12 04 09 7D 00 4B 00 58 00 5E 00 55 00 57 00 56 00 59 00 5E 01 11 00 68 00 6F 02 03 00 50 F7 
166,07:28:19.808,out,System-exclusive (SysEx) Length: 26 bytes,0,,F0 43 10 3E 0D 21 00 00 20 00 16 00 13 00 00 00 00 00 00 00 00 00 00 00 00 F7 
167,07:28:19.810,out,System-exclusive (SysEx) Length: 42 bytes,0,,F0 43 10 3E 0D 21 00 05 00 11 1C 1F 7F 0D 1E 1F 7F 1F 7F 0D 1E 1F 7F 1F 7F 1F 7F 1F 7F 1F 7F 1F 7F 1F 7F 1F 7F 1F 7F 1F 7F F7 
168,07:28:19.810,out,System-exclusive (SysEx) Length: 26 bytes,0,,F0 43 10 3E 0D 21 00 05 20 1F 7F 1F 7F 1F 7F 1F 7F 1F 7F 1F 7F 1F 7F 1F 7F F7 
169,07:28:19.867,out,System-exclusive (SysEx) Length: 42 bytes,0,,F0 43 10 3E 0D 21 00 00 00 12 38 12 38 09 77 00 50 00 59 00 61 00 53 00 4F 00 50 00 5A 00 4C 01 00 00 5B 00 52 02 01 00 4B F7 
170,07:28:19.869,out,System-exclusive (SysEx) Length: 26 bytes,0,,F0 43 10 3E 0D 21 00 00 20 00 10 00 10 00 00 00 00 00 00 00 00 00 00 00 00 F7 
171,07:28:19.871,out,System-exclusive (SysEx) Length: 42 bytes,0,,F0 43 10 3E 0D 21 00 05 00 11 1C 1F 7F 0D 1E 1F 7F 1F 7F 0D 1E 1F 7F 1F 7F 1F 7F 1F 7F 1F 7F 1F 7F 1F 7F 1F 7F 1F 7F 1F 7F F7 
172,07:28:19.871,out,System-exclusive (SysEx) Length: 26 bytes,0,,F0 43 10 3E 0D 21 00 05 20 1F 7F 1F 7F 1F 7F 1F 7F 1F 7F 1F 7F 1F 7F 1F 7F F7 
173,07:28:19.927,out,System-exclusive (SysEx) Length: 42 bytes,0,,F0 43 10 3E 0D 21 00 00 00 12 44 12 44 09 5A 00 50 00 40 00 51 00 4B 00 50 00 58 00 56 00 56 01 25 00 59 00 46 01 6B 00 41 F7 
174,07:28:19.929,out,System-exclusive (SysEx) Length: 26 bytes,0,,F0 43 10 3E 0D 21 00 00 20 00 1A 00 1D 00 00 00 00 00 00 00 00 00 00 00 00 F7 
175,07:28:19.930,out,System-exclusive (SysEx) Length: 42 bytes,0,,F0 43 10 3E 0D 21 00 05 00 11 1C 1F 7F 0D 1E 1F 7F 1F 7F 0D 1E 1F 7F 1F 7F 1F 7F 1F 7F 1F 7F 1F 7F 1F 7F 1F 7F 1F 7F 1F 7F F7 
176,07:28:19.930,out,System-exclusive (SysEx) Length: 26 bytes,0,,F0 43 10 3E 0D 21 00 05 20 1F 7F 1F 7F 1F 7F 1F 7F 1F 7F 1F 7F 1F 7F 1F 7F F7 
177,07:28:19.964,out,System-exclusive (SysEx) Length: 7 bytes,0,,F0 43 10 3E 0D 7F F7 
178,07:28:19.987,out,System-exclusive (SysEx) Length: 42 bytes,0,,F0 43 10 3E 0D 21 00 00 00 12 47 12 47 09 28 00 67 00 60 00 55 00 5D 00 58 00 56 00 58 00 62 01 02 00 63 00 54 02 2A 00 58 F7 
179,07:28:19.989,out,System-exclusive (SysEx) Length: 26 bytes,0,,F0 43 10 3E 0D 21 00 00 20 00 1B 00 0C 00 00 00 00 00 00 00 00 00 00 00 00 F7 
180,07:28:19.991,out,System-exclusive (SysEx) Length: 42 bytes,0,,F0 43 10 3E 0D 21 00 05 00 11 1C 1F 7F 0D 1E 1F 7F 1F 7F 0D 1E 1F 7F 1F 7F 1F 7F 1F 7F 1F 7F 1F 7F 1F 7F 1F 7F 1F 7F 1F 7F F7 
181,07:28:19.991,out,System-exclusive (SysEx) Length: 26 bytes,0,,F0 43 10 3E 0D 21 00 05 20 1F 7F 1F 7F 1F 7F 1F 7F 1F 7F 1F 7F 1F 7F 1F 7F F7 
182,07:28:20.047,out,System-exclusive (SysEx) Length: 42 bytes,0,,F0 43 10 3E 0D 21 00 00 00 12 10 12 10 09 28 00 64 00 4A 00 4A 00 4E 00 51 00 50 00 4C 00 51 01 26 00 65 00 55 02 0C 00 47 F7 
183,07:28:20.049,out,System-exclusive (SysEx) Length: 26 bytes,0,,F0 43 10 3E 0D 21 00 00 20 00 1E 00 19 00 00 00 00 00 00 00 00 00 00 00 00 F7 
184,07:28:20.050,out,System-exclusive (SysEx) Length: 42 bytes,0,,F0 43 10 3E 0D 21 00 05 00 11 1C 1F 7F 0D 1E 1F 7F 1F 7F 0D 1E 1F 7F 1F 7F 1F 7F 1F 7F 1F 7F 1F 7F 1F 7F 1F 7F 1F 7F 1F 7F F7 
185,07:28:20.050,out,System-exclusive (SysEx) Length: 26 bytes,0,,F0 43 10 3E 0D 21 00 05 20 1F 7F 1F 7F 1F 7F 1F 7F 1F 7F 1F 7F 1F 7F 1F 7F F7 
186,07:28:20.108,out,System-exclusive (SysEx) Length: 42 bytes,0,,F0 43 10 3E 0D 21 00 00 00 12 1D 12 1D 09 37 00 54 00 55 00 41 00 5A 00 51 00 56 00 52 00 52 01 0C 00 5D 00 5F 01 72 00 62 F7 
187,07:28:20.109,out,System-exclusive (SysEx) Length: 26 bytes,0,,F0 43 10 3E 0D 21 00 00 20 00 26 00 26 00 00 00 00 00 00 00 00 00 00 00 00 F7 
188,07:28:20.110,out,System-exclusive (SysEx) Length: 42 bytes,0,,F0 43 10 3E 0D 21 00 05 00 11 1C 1F 7F 0D 1E 1F 7F 1F 7F 0D 1E 1F 7F 1F 7F 1F 7F 1F 7F 1F 7F 1F 7F 1F 7F 1F 7F 1F 7F 1F 7F F7 
189,07:28:20.110,out,System-exclusive (SysEx) Length: 26 bytes,0,,F0 43 10 3E 0D 21 00 05 20 1F 7F 1F 7F 1F 7F 1F 7F 1F 7F 1F 7F 1F 7F 1F 7F F7 
190,07:28:20.166,out,System-exclusive (SysEx) Length: 42 bytes,0,,F0 43 10 3E 0D 21 00 00 00 12 52 12 52 09 20 00 60 00 43 00 54 00 4E 00 41 00 57 00 4E 00 47 01 01 00 56 00 6E 01 78 00 54 F7 
191,07:28:20.168,out,System-exclusive (SysEx) Length: 26 bytes,0,,F0 43 10 3E 0D 21 00 00 20 00 1D 00 1C 00 00 00 00 00 00 00 00 00 00 00 00 F7 
192,07:28:20.170,out,System-exclusive (SysEx) Length: 42 bytes,0,,F0 43 10 3E 0D 21 00 05 00 11 1C 1F 7F 0D 1E 1F 7F 1F 7F 0D 1E 1F 7F 1F 7F 1F 7F 1F 7F 1F 7F 1F 7F 1F 7F 1F 7F 1F 7F 1F 7F F7 
193,07:28:20.170,out,System-exclusive (SysEx) Length: 26 bytes,0,,F0 43 10 3E 0D 21 00 05 20 1F 7F 1F 7F 1F 7F 1F 7F 1F 7F 1F 7F 1F 7F 1F 7F F7 
194,07:28:20.223,out,System-exclusive (SysEx) Length: 7 bytes,0,,F0 43 10 3E 0D 7F F7 
195,07:28:20.228,out,System-exclusive (SysEx) Length: 42 bytes,0,,F0 43 10 3E 0D 21 00 00 00 12 0C 12 0C 09 2C 00 4E 00 52 00 4D 00 6D 00 62 00 57 00 4F 00 5C 01 02 00 73 00 4D 01 77 00 4A F7 
196,07:28:20.230,out,System-exclusive (SysEx) Length: 26 bytes,0,,F0 43 10 3E 0D 21 00 00 20 00 22 00 20 00 00 00 00 00 00 00 00 00 00 00 00 F7 
197,07:28:20.230,out,System-exclusive (SysEx) Length: 42 bytes,0,,F0 43 10 3E 0D 21 00 05 00 11 1C 1F 7F 0D 1E 1F 7F 1F 7F 0D 1E 1F 7F 1F 7F 1F 7F 1F 7F 1F 7F 1F 7F 1F 7F 1F 7F 1F 7F 1F 7F F7 
198,07:28:20.231,out,System-exclusive (SysEx) Length: 26 bytes,0,,F0 43 10 3E 0D 21 00 05 20 1F 7F 1F 7F 1F 7F 1F 7F 1F 7F 1F 7F 1F 7F 1F 7F F7 
199,07:28:20.287,out,System-exclusive (SysEx) Length: 42 bytes,0,,F0 43 10 3E 0D 21 00 00 00 12 2C 12 2C 09 36 00 5E 00 5B 00 58 00 4C 00 47 00 50 00 53 00 44 01 13 00 63 00 51 01 7E 00 4F F7 
200,07:28:20.288,out,System-exclusive (SysEx) Length: 26 bytes,0,,F0 43 10 3E 0D 21 00 00 20 00 18 00 19 00 00 00 00 00 00 00 00 00 00 00 00 F7 
201,07:28:20.289,out,System-exclusive (SysEx) Length: 42 bytes,0,,F0 43 10 3E 0D 21 00 05 00 11 1C 1F 7F 0D 1E 1F 7F 1F 7F 0D 1E 1F 7F 1F 7F 1F 7F 1F 7F 1F 7F 1F 7F 1F 7F 1F 7F 1F 7F 1F 7F F7 
202,07:28:20.289,out,System-exclusive (SysEx) Length: 26 bytes,0,,F0 43 10 3E 0D 21 00 05 20 1F 7F 1F 7F 1F 7F 1F 7F 1F 7F 1F 7F 1F 7F 1F 7F F7 
203,07:28:20.348,out,System-exclusive (SysEx) Length: 42 bytes,0,,F0 43 10 3E 0D 21 00 00 00 12 0C 12 0C 09 7D 00 57 00 5A 00 44 00 52 00 49 00 5D 00 48 00 59 01 1B 00 64 00 4D 01 74 00 57 F7 
204,07:28:20.349,out,System-exclusive (SysEx) Length: 26 bytes,0,,F0 43 10 3E 0D 21 00 00 20 00 1C 00 1B 00 00 00 00 00 00 00 00 00 00 00 00 F7 
205,07:28:20.350,out,System-exclusive (SysEx) Length: 42 bytes,0,,F0 43 10 3E 0D 21 00 05 00 11 1C 1F 7F 0D 1E 1F 7F 1F 7F 0D 1E 1F 7F 1F 7F 1F 7F 1F 7F 1F 7F 1F 7F 1F 7F 1F 7F 1F 7F 1F 7F F7 
206,07:28:20.351,out,System-exclusive (SysEx) Length: 26 bytes,0,,F0 43 10 3E 0D 21 00 05 20 1F 7F 1F 7F 1F 7F 1F 7F 1F 7F 1F 7F 1F 7F 1F 7F F7 
207,07:28:20.407,out,System-exclusive (SysEx) Length: 42 bytes,0,,F0 43 10 3E 0D 21 00 00 00 12 3C 12 3C 09 6F 00 5A 00 59 00 4F 00 4F 00 53 00 58 00 52 00 55 00 7F 00 63 00 73 01 6C 00 54 F7 
208,07:28:20.408,out,System-exclusive (SysEx) Length: 26 bytes,0,,F0 43 10 3E 0D 21 00 00 20 00 18 00 16 00 00 00 00 00 00 00 00 00 00 00 00 F7 
209,07:28:20.410,out,System-exclusive (SysEx) Length: 42 bytes,0,,F0 43 10 3E 0D 21 00 05 00 11 1C 1F 7F 0D 1E 1F 7F 1F 7F 0D 1E 1F 7F 1F 7F 1F 7F 1F 7F 1F 7F 1F 7F 1F 7F 1F 7F 1F 7F 1F 7F F7 
210,07:28:20.410,out,System-exclusive (SysEx) Length: 26 bytes,0,,F0 43 10 3E 0D 21 00 05 20 1F 7F 1F 7F 1F 7F 1F 7F 1F 7F 1F 7F 1F 7F 1F 7F F7 
211,07:28:20.467,out,System-exclusive (SysEx) Length: 42 bytes,0,,F0 43 10 3E 0D 21 00 00 00 12 5E 12 5E 09 63 00 62 00 49 00 51 00 41 00 58 00 5D 00 51 00 51 01 04 00 55 00 4E 02 03 00 4C F7 
212,07:28:20.469,out,System-exclusive (SysEx) Length: 26 bytes,0,,F0 43 10 3E 0D 21 00 00 20 00 1C 00 1C 00 00 00 00 00 00 00 00 00 00 00 00 F7 
213,07:28:20.471,out,System-exclusive (SysEx) Length: 42 bytes,0,,F0 43 10 3E 0D 21 00 05 00 11 1C 1F 7F 0D 1E 1F 7F 1F 7F 0D 1E 1F 7F 1F 7F 1F 7F 1F 7F 1F 7F 1F 7F 1F 7F 1F 7F 1F 7F 1F 7F F7 
214,07:28:20.471,out,System-exclusive (SysEx) Length: 26 bytes,0,,F0 43 10 3E 0D 21 00 05 20 1F 7F 1F 7F 1F 7F 1F 7F 1F 7F 1F 7F 1F 7F 1F 7F F7 
215,07:28:20.484,out,System-exclusive (SysEx) Length: 7 bytes,0,,F0 43 10 3E 0D 7F F7 
216,07:28:20.527,out,System-exclusive (SysEx) Length: 42 bytes,0,,F0 43 10 3E 0D 21 00 00 00 12 47 12 47 09 62 00 4C 00 5E 00 5E 00 4F 00 51 00 49 00 56 00 51 01 0C 00 63 00 58 01 5A 00 54 F7 
217,07:28:20.529,out,System-exclusive (SysEx) Length: 26 bytes,0,,F0 43 10 3E 0D 21 00 00 20 00 21 00 1D 00 00 00 00 00 00 00 00 00 00 00 00 F7 
218,07:28:20.530,out,System-exclusive (SysEx) Length: 42 bytes,0,,F0 43 10 3E 0D 21 00 05 00 11 1C 1F 7F 0D 1E 1F 7F 1F 7F 0D 1E 1F 7F 1F 7F 1F 7F 1F 7F 1F 7F 1F 7F 1F 7F 1F 7F 1F 7F 1F 7F F7 
219,07:28:20.530,out,System-exclusive (SysEx) Length: 26 bytes,0,,F0 43 10 3E 0D 21 00 05 20 1F 7F 1F 7F 1F 7F 1F 7F 1F 7F 1F 7F 1F 7F 1F 7F F7 
220,07:28:20.587,out,System-exclusive (SysEx) Length: 42 bytes,0,,F0 43 10 3E 0D 21 00 00 00 12 50 12 50 09 5B 00 57 00 46 00 45 00 5A 00 4D 00 61 00 4A 00 58 01 07 00 62 00 57 02 0A 00 5E F7 
221,07:28:20.589,out,System-exclusive (SysEx) Length: 26 bytes,0,,F0 43 10 3E 0D 21 00 00 20 00 18 00 19 00 00 00 00 00 00 00 00 00 00 00 00 F7 
222,07:28:20.591,out,System-exclusive (SysEx) Length: 42 bytes,0,,F0 43 10 3E 0D 21 00 05 00 11 1C 1F 7F 0D 1E 1F 7F 1F 7F 0D 1E 1F 7F 1F 7F 1F 7F 1F 7F 1F 7F 1F 7F 1F 7F 1F 7F 1F 7F 1F 7F F7 
223,07:28:20.591,out,System-exclusive (SysEx) Length: 26 bytes,0,,F0 43 10 3E 0D 21 00 05 20 1F 7F 1F 7F 1F 7F 1F 7F 1F 7F 1F 7F 1F 7F 1F 7F F7 
224,07:28:20.647,out,System-exclusive (SysEx) Length: 42 bytes,0,,F0 43 10 3E 0D 21 00 00 00 12 48 12 48 09 24 00 52 00 59 00 66 00 4A 00 51 00 5A 00 51 00 5A 01 0D 00 6A 00 54 02 16 00 55 F7 
225,07:28:20.648,out,System-exclusive (SysEx) Length: 26 bytes,0,,F0 43 10 3E 0D 21 00 00 20 00 19 00 1B 00 00 00 00 00 00 00 00 00 00 00 00 F7 
226,07:28:20.650,out,System-exclusive (SysEx) Length: 42 bytes,0,,F0 43 10 3E 0D 21 00 05 00 11 1C 1F 7F 0D 1E 1F 7F 1F 7F 0D 1E 1F 7F 1F 7F 1F 7F 1F 7F 1F 7F 1F 7F 1F 7F 1F 7F 1F 7F 1F 7F F7 
227,07:28:20.650,out,System-exclusive (SysEx) Length: 26 bytes,0,,F0 43 10 3E 0D 21 00 05 20 1F 7F 1F 7F 1F 7F 1F 7F 1F 7F 1F 7F 1F 7F 1F 7F F7 
228,07:28:20.708,out,System-exclusive (SysEx) Length: 42 bytes,0,,F0 43 10 3E 0D 21 00 00 00 12 20 12 20 09 6F 00 50 00 53 00 57 00 4D 00 5A 00 5F 00 4E 00 61 01 2B 00 53 00 50 01 74 00 51 F7 
229,07:28:20.709,out,System-exclusive (SysEx) Length: 26 bytes,0,,F0 43 10 3E 0D 21 00 00 20 00 1A 00 21 00 00 00 00 00 00 00 00 00 00 00 00 F7 
230,07:28:20.711,out,System-exclusive (SysEx) Length: 42 bytes,0,,F0 43 10 3E 0D 21 00 05 00 11 1C 1F 7F 0D 1E 1F 7F 1F 7F 0D 1E 1F 7F 1F 7F 1F 7F 1F 7F 1F 7F 1F 7F 1F 7F 1F 7F 1F 7F 1F 7F F7 
231,07:28:20.711,out,System-exclusive (SysEx) Length: 26 bytes,0,,F0 43 10 3E 0D 21 00 05 20 1F 7F 1F 7F 1F 7F 1F 7F 1F 7F 1F 7F 1F 7F 1F 7F F7 
232,07:28:20.743,out,System-exclusive (SysEx) Length: 7 bytes,0,,F0 43 10 3E 0D 7F F7 
233,07:28:20.767,out,System-exclusive (SysEx) Length: 42 bytes,0,,F0 43 10 3E 0D 21 00 00 00 12 3F 12 3F 09 68 00 56 00 6E 00 62 00 58 00 4B 00 45 00 51 00 4C 01 02 00 6B 00 4B 01 70 00 57 F7 
234,07:28:20.768,out,System-exclusive (SysEx) Length: 26 bytes,0,,F0 43 10 3E 0D 21 00 00 20 00 18 00 18 00 00 00 00 00 00 00 00 00 00 00 00 F7 
235,07:28:20.770,out,System-exclusive (SysEx) Length: 42 bytes,0,,F0 43 10 3E 0D 21 00 05 00 11 1C 1F 7F 0D 1E 1F 7F 1F 7F 0D 1E 1F 7F 1F 7F 1F 7F 1F 7F 1F 7F 1F 7F 1F 7F 1F 7F 1F 7F 1F 7F F7 
236,07:28:20.770,out,System-exclusive (SysEx) Length: 26 bytes,0,,F0 43 10 3E 0D 21 00 05 20 1F 7F 1F 7F 1F 7F 1F 7F 1F 7F 1F 7F 1F 7F 1F 7F F7 
237,07:28:20.828,out,System-exclusive (SysEx) Length: 42 bytes,0,,F0 43 10 3E 0D 21 00 00 00 12 67 12 67 09 25 00 56 00 58 00 4F 00 52 00 50 00 43 00 55 00 54 01 0E 00 60 00 51 01 6C 00 58 F7 
238,07:28:20.830,out,System-exclusive (SysEx) Length: 26 bytes,0,,F0 43 10 3E 0D 21 00 00 20 00 16 00 1B 00 00 00 00 00 00 00 00 00 00 00 00 F7 
239,07:28:20.831,out,System-exclusive (SysEx) Length: 42 bytes,0,,F0 43 10 3E 0D 21 00 05 00 11 1C 1F 7F 0D 1E 1F 7F 1F 7F 0D 1E 1F 7F 1F 7F 1F 7F 1F 7F 1F 7F 1F 7F 1F 7F 1F 7F 1F 7F 1F 7F F7 
240,07:28:20.831,out,System-exclusive (SysEx) Length: 26 bytes,0,,F0 43 10 3E 0D 21 00 05 20 1F 7F 1F 7F 1F 7F 1F 7F 1F 7F 1F 7F 1F 7F 1F 7F F7 
241,07:28:20.887,out,System-exclusive (SysEx) Length: 42 bytes,0,,F0 43 10 3E 0D 21 00 00 00 12 3D 12 3D 09 4C 00 55 00 51 00 50 00 53 00 55 00 4D 00 67 00 5B 01 10 00 60 00 5B 02 16 00 50 F7 
242,07:28:20.889,out,System-exclusive (SysEx) Length: 26 bytes,0,,F0 43 10 3E 0D 21 00 00 20 00 1F 00 15 00 00 00 00 00 00 00 00 00 00 00 00 F7 
243,07:28:20.891,out,System-exclusive (SysEx) Length: 42 bytes,0,,F0 43 10 3E 0D 21 00 05 00 11 1C 1F 7F 0D 1E 1F 7F 1F 7F 0D 1E 1F 7F 1F 7F 1F 7F 1F 7F 1F 7F 1F 7F 1F 7F 1F 7F 1F 7F 1F 7F F7 
244,07:28:20.892,out,System-exclusive (SysEx) Length: 26 bytes,0,,F0 43 10 3E 0D 21 00 05 20 1F 7F 1F 7F 1F 7F 1F 7F 1F 7F 1F 7F 1F 7F 1F 7F F7 
245,07:28:20.947,out,System-exclusive (SysEx) Length: 42 bytes,0,,F0 43 10 3E 0D 21 00 00 00 13 23 13 23 0A 00 00 5A 00 4A 00 4F 00 59 00 50 00 48 00 4E 00 61 00 7D 00 64 00 46 02 01 00 65 F7 
246,07:28:20.949,out,System-exclusive (SysEx) Length: 26 bytes,0,,F0 43 10 3E 0D 21 00 00 20 00 19 00 1D 00 00 00 00 00 00 00 00 00 00 00 00 F7 
247,07:28:20.950,out,System-exclusive (SysEx) Length: 42 bytes,0,,F0 43 10 3E 0D 21 00 05 00 11 1C 1F 7F 0D 1E 1F 7F 1F 7F 0D 1E 1F 7F 1F 7F 1F 7F 1F 7F 1F 7F 1F 7F 1F 7F 1F 7F 1F 7F 1F 7F F7 
248,07:28:20.950,out,System-exclusive (SysEx) Length: 26 bytes,0,,F0 43 10 3E 0D 21 00 05 20 1F 7F 1F 7F 1F 7F 1F 7F 1F 7F 1F 7F 1F 7F 1F 7F F7 
249,07:28:21.004,out,System-exclusive (SysEx) Length: 7 bytes,0,,F0 43 10 3E 0D 7F F7 
250,07:28:21.007,out,System-exclusive (SysEx) Length: 42 bytes,0,,F0 43 10 3E 0D 21 00 00 00 12 7C 12 7C 09 77 00 60 00 56 00 4C 00 47 00 48 00 5C 00 6D 00 62 01 0D 00 79 00 50 02 2D 00 4C F7 
251,07:28:21.008,out,System-exclusive (SysEx) Length: 26 bytes,0,,F0 43 10 3E 0D 21 00 00 20 00 28 00 24 00 00 00 00 00 00 00 00 00 00 00 00 F7 
252,07:28:21.010,out,System-exclusive (SysEx) Length: 42 bytes,0,,F0 43 10 3E 0D 21 00 05 00 11 1C 1F 7F 0D 1E 1F 7F 1F 7F 0D 1E 1F 7F 1F 7F 1F 7F 1F 7F 1F 7F 1F 7F 1F 7F 1F 7F 1F 7F 1F 7F F7 
253,07:28:21.010,out,System-exclusive (SysEx) Length: 26 bytes,0,,F0 43 10 3E 0D 21 00 05 20 1F 7F 1F 7F 1F 7F 1F 7F 1F 7F 1F 7F 1F 7F 1F 7F F7 
254,07:28:21.067,out,System-exclusive (SysEx) Length: 42 bytes,0,,F0 43 10 3E 0D 21 00 00 00 12 70 12 70 09 2C 00 5B 00 4B 00 58 00 55 00 60 00 5F 00 4B 00 5C 01 16 00 64 00 52 01 68 00 49 F7 
255,07:28:21.069,out,System-exclusive (SysEx) Length: 26 bytes,0,,F0 43 10 3E 0D 21 00 00 20 00 2A 00 2B 00 00 00 00 00 00 00 00 00 00 00 00 F7 
256,07:28:21.071,out,System-exclusive (SysEx) Length: 42 bytes,0,,F0 43 10 3E 0D 21 00 05 00 11 1C 1F 7F 0D 1E 1F 7F 1F 7F 0D 1E 1F 7F 1F 7F 1F 7F 1F 7F 1F 7F 1F 7F 1F 7F 1F 7F 1F 7F 1F 7F F7 
257,07:28:21.071,out,System-exclusive (SysEx) Length: 26 bytes,0,,F0 43 10 3E 0D 21 00 05 20 1F 7F 1F 7F 1F 7F 1F 7F 1F 7F 1F 7F 1F 7F 1F 7F F7 
258,07:28:21.127,out,System-exclusive (SysEx) Length: 42 bytes,0,,F0 43 10 3E 0D 21 00 00 00 13 21 13 21 09 2F 00 52 00 51 00 49 00 56 00 48 00 4D 00 50 00 5C 00 7C 00 5F 00 42 02 18 00 77 F7 
259,07:28:21.129,out,System-exclusive (SysEx) Length: 26 bytes,0,,F0 43 10 3E 0D 21 00 00 20 00 1F 00 2B 00 00 00 00 00 00 00 00 00 00 00 00 F7 
260,07:28:21.130,out,System-exclusive (SysEx) Length: 42 bytes,0,,F0 43 10 3E 0D 21 00 05 00 11 1C 1F 7F 0D 1E 1F 7F 1F 7F 0D 1E 1F 7F 1F 7F 1F 7F 1F 7F 1F 7F 1F 7F 1F 7F 1F 7F 1F 7F 1F 7F F7 
261,07:28:21.130,out,System-exclusive (SysEx) Length: 26 bytes,0,,F0 43 10 3E 0D 21 00 05 20 1F 7F 1F 7F 1F 7F 1F 7F 1F 7F 1F 7F 1F 7F 1F 7F F7 
262,07:28:21.187,out,System-exclusive (SysEx) Length: 42 bytes,0,,F0 43 10 3E 0D 21 00 00 00 12 5F 12 5F 09 4C 00 5C 00 58 00 50 00 5B 00 51 00 5D 00 55 00 4E 01 1C 00 6B 00 4D 02 24 00 58 F7 
263,07:28:21.190,out,System-exclusive (SysEx) Length: 26 bytes,0,,F0 43 10 3E 0D 21 00 00 20 00 22 00 24 00 00 00 00 00 00 00 00 00 00 00 00 F7 
264,07:28:21.191,out,System-exclusive (SysEx) Length: 42 bytes,0,,F0 43 10 3E 0D 21 00 05 00 11 1C 1F 7F 0D 1E 1F 7F 1F 7F 0D 1E 1F 7F 1F 7F 1F 7F 1F 7F 1F 7F 1F 7F 1F 7F 1F 7F 1F 7F 1F 7F F7 
265,07:28:21.191,out,System-exclusive (SysEx) Length: 26 bytes,0,,F0 43 10 3E 0D 21 00 05 20 1F 7F 1F 7F 1F 7F 1F 7F 1F 7F 1F 7F 1F 7F 1F 7F F7 
266,07:28:21.247,out,System-exclusive (SysEx) Length: 42 bytes,0,,F0 43 10 3E 0D 21 00 00 00 12 29 12 29 09 3E 00 49 00 5C 00 5A 00 46 00 48 00 6E 00 56 00 55 01 04 00 5C 00 52 01 74 00 4D F7 
267,07:28:21.249,out,System-exclusive (SysEx) Length: 26 bytes,0,,F0 43 10 3E 0D 21 00 00 20 00 18 00 1A 00 00 00 00 00 00 00 00 00 00 00 00 F7 
268,07:28:21.250,out,System-exclusive (SysEx) Length: 42 bytes,0,,F0 43 10 3E 0D 21 00 05 00 11 1C 1F 7F 0D 1E 1F 7F 1F 7F 0D 1E 1F 7F 1F 7F 1F 7F 1F 7F 1F 7F 1F 7F 1F 7F 1F 7F 1F 7F 1F 7F F7 
269,07:28:21.250,out,System-exclusive (SysEx) Length: 26 bytes,0,,F0 43 10 3E 0D 21 00 05 20 1F 7F 1F 7F 1F 7F 1F 7F 1F 7F 1F 7F 1F 7F 1F 7F F7 
270,07:28:21.264,out,System-exclusive (SysEx) Length: 7 bytes,0,,F0 43 10 3E 0D 7F F7 
271,07:28:21.307,out,System-exclusive (SysEx) Length: 42 bytes,0,,F0 43 10 3E 0D 21 00 00 00 12 2E 12 2E 09 66 00 4A 00 5F 00 57 00 44 00 61 00 5B 00 55 00 57 01 0C 00 69 00 4C 01 7D 00 50 F7 
272,07:28:21.308,out,System-exclusive (SysEx) Length: 26 bytes,0,,F0 43 10 3E 0D 21 00 00 20 00 23 00 22 00 00 00 00 00 00 00 00 00 00 00 00 F7 
273,07:28:21.310,out,System-exclusive (SysEx) Length: 42 bytes,0,,F0 43 10 3E 0D 21 00 05 00 11 1C 1F 7F 0D 1E 1F 7F 1F 7F 0D 1E 1F 7F 1F 7F 1F 7F 1F 7F 1F 7F 1F 7F 1F 7F 1F 7F 1F 7F 1F 7F F7 
274,07:28:21.310,out,System-exclusive (SysEx) Length: 26 bytes,0,,F0 43 10 3E 0D 21 00 05 20 1F 7F 1F 7F 1F 7F 1F 7F 1F 7F 1F 7F 1F 7F 1F 7F F7 
275,07:28:21.367,out,System-exclusive (SysEx) Length: 42 bytes,0,,F0 43 10 3E 0D 21 00 00 00 12 1B 12 1B 09 6D 00 59 00 53 00 4B 00 53 00 43 00 69 00 64 00 53 01 0F 00 72 00 58 01 78 00 50 F7 
276,07:28:21.369,out,System-exclusive (SysEx) Length: 26 bytes,0,,F0 43 10 3E 0D 21 00 00 20 00 21 00 2A 00 00 00 00 00 00 00 00 00 00 00 00 F7 
277,07:28:21.370,out,System-exclusive (SysEx) Length: 42 bytes,0,,F0 43 10 3E 0D 21 00 05 00 11 1C 1F 7F 0D 1E 1F 7F 1F 7F 0D 1E 1F 7F 1F 7F 1F 7F 1F 7F 1F 7F 1F 7F 1F 7F 1F 7F 1F 7F 1F 7F F7 
278,07:28:21.370,out,System-exclusive (SysEx) Length: 26 bytes,0,,F0 43 10 3E 0D 21 00 05 20 1F 7F 1F 7F 1F 7F 1F 7F 1F 7F 1F 7F 1F 7F 1F 7F F7 
279,07:28:21.427,out,System-exclusive (SysEx) Length: 42 bytes,0,,F0 43 10 3E 0D 21 00 00 00 12 0C 12 0C 09 67 00 56 00 5C 00 4B 00 4C 00 54 00 5C 00 66 00 60 01 15 00 66 00 49 01 7A 00 44 F7 
280,07:28:21.429,out,System-exclusive (SysEx) Length: 26 bytes,0,,F0 43 10 3E 0D 21 00 00 20 00 23 00 1F 00 00 00 00 00 00 00 00 00 00 00 00 F7 
281,07:28:21.431,out,System-exclusive (SysEx) Length: 42 bytes,0,,F0 43 10 3E 0D 21 00 05 00 11 1C 1F 7F 0D 1E 1F 7F 1F 7F 0D 1E 1F 7F 1F 7F 1F 7F 1F 7F 1F 7F 1F 7F 1F 7F 1F 7F 1F 7F 1F 7F F7 
282,07:28:21.431,out,System-exclusive (SysEx) Length: 26 bytes,0,,F0 43 10 3E 0D 21 00 05 20 1F 7F 1F 7F 1F 7F 1F 7F 1F 7F 1F 7F 1F 7F 1F 7F F7 
